formato,n,repeticao,alturaTelefone,alturaNome,profundidadeTelefone,profundidadeNome,telefoneAlvo,cargaMs,buscaTelefoneMs,buscaNomeMs,remocaoMs
perfeita,2047,1,10,10,10,10,00000002047,16.389600,0.001800,0.000600,0.002100
perfeita,2047,2,10,10,10,10,00000002047,16.334200,0.001000,0.007700,0.001500
perfeita,2047,3,10,10,10,10,00000002047,9.214000,0.000900,0.000400,0.001200
degenerada,2047,1,2046,2046,2046,2046,00000002047,63.889800,0.029900,0.033400,0.076800
degenerada,2047,2,2046,2046,2046,2046,00000002047,49.685300,0.045600,0.033600,0.076400
degenerada,2047,3,2046,2046,2046,2046,00000002047,56.082600,0.120800,0.026100,0.076800
perfeita,4095,1,11,11,11,11,00000004095,17.640900,0.032600,0.000500,0.001500
perfeita,4095,2,11,11,11,11,00000004095,3.529200,0.001400,0.000800,0.001500
perfeita,4095,3,11,11,11,11,00000004095,3.489800,0.001700,0.000800,0.001400
degenerada,4095,1,4094,4094,4094,4094,00000004095,215.954600,0.161500,0.161400,0.149600
degenerada,4095,2,4094,4094,4094,4094,00000004095,266.905200,0.065600,0.064600,0.156300
degenerada,4095,3,4094,4094,4094,4094,00000004095,197.759000,0.039200,0.053100,0.149900
perfeita,8191,1,12,12,12,12,00000008191,16.964800,0.001100,0.000600,0.001600
perfeita,8191,2,12,12,12,12,00000008191,6.270500,0.000800,0.000500,0.001600
perfeita,8191,3,12,12,12,12,00000008191,5.306700,0.000900,0.000500,0.002100
degenerada,8191,1,8190,8190,8190,8190,00000008191,987.359200,0.142100,0.155200,0.374000
degenerada,8191,2,8190,8190,8190,8190,00000008191,829.293200,0.116200,0.117400,0.325200
degenerada,8191,3,8190,8190,8190,8190,00000008191,817.668300,0.077700,0.105700,0.124600
perfeita,16383,1,13,13,13,13,00000016383,20.937200,0.001000,0.000600,0.011800
perfeita,16383,2,13,13,13,13,00000016383,11.238000,0.001100,0.000500,0.001600
perfeita,16383,3,13,13,13,13,00000016383,11.605100,0.001100,0.000500,0.001200
degenerada,16383,1,16382,16382,16382,16382,00000016383,3203.640100,0.290300,0.299100,0.292000
degenerada,16383,2,16382,16382,16382,16382,00000016383,3640.802500,0.570600,0.663300,0.674500
degenerada,16383,3,16382,16382,16382,16382,00000016383,3290.817400,0.324500,0.332900,0.243300
